name	smiles
proton	[H+]
O2	O=O
sodium	[Na+]
Mg2+	[Mg+2]
iodide	[I-]
PPi	O=P(O)(O)OP(=O)(O)O
phosphate	O=P(O)(O)O
ammonium	[NH4+]
ammonium	N
sulfite	O=S(O)O
peroxide	OO
water	O
Fe2+	[Fe+2]
CO2	O=C=O
carbon monoxide	[C-]#[O+]
cyanide	[C-]#N
chloride	[Cl-]
cyanide	C#N
carbonate	O=C(O)O
formate	O=CO
CTP	N=c1ccn([C@@H]2O[C@H](COP(=O)(O)OP(=O)(O)OP(=O)(O)O)[C@@H](O)[C@H]2O)c(O)n1
dCTP	N=c1ccn([C@H]2C[C@H](O)[C@@H](COP(=O)(O)OP(=O)(O)OP(=O)(O)O)O2)c(O)n1
tetrahydrobiopterin	C[C@H](O)[C@H](O)[C@H]1CNc2[nH]c(=N)nc(O)c2N1
CDP	N=c1ccn([C@@H]2O[C@H](COP(=O)(O)OP(=O)(O)O)[C@@H](O)[C@H]2O)c(O)n1
dCDP	N=c1ccn([C@H]2C[C@H](O)[C@@H](COP(=O)(O)OP(=O)(O)O)O2)c(O)n1
UTP	O=c1nc(O)ccn1[C@@H]1O[C@H](COP(=O)(O)OP(=O)(O)OP(=O)(O)O)[C@@H](O)[C@H]1O
CMP	N=c1ccn([C@@H]2O[C@H](COP(=O)(O)O)[C@@H](O)[C@H]2O)c(O)n1
UDP	O=c1nc(O)ccn1[C@@H]1O[C@H](COP(=O)(O)OP(=O)(O)O)[C@@H](O)[C@H]1O
UDP	O=c1nc(O)ccn1C1OC(COP(=O)(O)OP(=O)(O)O)C(O)C1O
pyridoxal-5'-phosphate	Cc1ncc(COP(=O)(O)O)c(CN)c1O
pyridoxal phosphate	Cc1ncc(COP(=O)(O)O)c(C=O)c1O
ascorbic acid	O=C1O[C@H]([C@@H](O)CO)C(O)=C1O
ascorbic acid	O=C1OC([C@H](O)CO)C(O)=C1O
dehydroascorbate	O=C1O[C@H]([C@@H](O)CO)C(=O)C1=O
dehydroascorbate	O=C1OC([C@@H](O)CO)C(=O)C1=O
hydroquinone	Oc1ccc(O)cc1
glutamate	N[C@@H](CCC(=O)O)C(=O)O
2-Keto-glutaramic acid	N=C(O)CCC(=O)C(=O)O
alpha-ketoglutarate	O=C(O)CCC(=O)C(=O)O
glutamine	N=C(O)CC[C@H](N)C(=O)O
ubiquinone	COC1=C(OC)C(=O)C(C/C=C(\C)CC/C=C(\C)CC/C=C(\C)CC/C=C(\C)CC/C=C(\C)CC/C=C(\C)CC/C=C(\C)CC/C=C(\C)CC/C=C(\C)CCC=C(C)C)=C(C)C1=O
plastoquinol-9	CC(C)=CCC/C(C)=C/CC/C(C)=C/CC/C(C)=C/CC/C(C)=C/CC/C(C)=C/CC/C(C)=C/CC/C(C)=C/CC/C(C)=C/Cc1cc(O)c(C)c(C)c1O
plastoquinone-9	CC(C)=CCCC(C)=CCCC(C)=CCCC(C)=CCCC(C)=CCCC(C)=CCCC(C)=CCCC(C)=CCCC(C)=CCC1=CC(=O)C(C)=C(C)C1=O
oxaloacetate	O=C(O)CC(=O)C(=O)O
ubiquinol-8	COc1c(O)c(C)c(C/C=C(\C)CC/C=C(\C)CC/C=C(\C)CC/C=C(\C)CC/C=C(\C)CC/C=C(\C)CC/C=C(\C)CCC=C(C)C)c(O)c1OC
coenzyme-Q8	COC1=C(OC)C(=O)C(CC=C(C)CCC=C(C)CCC=C(C)CCC=C(C)CCC=C(C)CCC=C(C)CCC=C(C)CCC=C(C)C)=C(C)C1=O
menaquinol-7	CC(C)=CCC/C(C)=C/CC/C(C)=C/CC/C(C)=C/CC/C(C)=C/CC/C(C)=C/CC/C(C)=C/Cc1c(C)c(O)c2ccccc2c1O
menaquinone K7	CC(C)=CCC/C(C)=C/CC/C(C)=C/CC/C(C)=C/CC/C(C)=C/CC/C(C)=C/CC/C(C)=C/CC1=C(C)C(=O)c2ccccc2C1=O
S-adenosyl-homocysteine	COc1cc(C(=O)O)cc(C/C=C(\C)CC/C=C(\C)CC/C=C(\C)CC/C=C(\C)CC/C=C(\C)CC/C=C(\C)CCC=C(C)C)c1O
ubiquinol-6	COc1c(O)c(C)c(C/C=C(\C)CC/C=C(\C)CC/C=C(\C)CC/C=C(\C)CC/C=C(\C)CCC=C(C)C)c(O)c1OC
coenzyme-Q6	COC1=C(OC)C(=O)C(C/C=C(\C)CC/C=C(\C)CC/C=C(\C)CC/C=C(\C)CC/C=C(\C)CCC=C(C)C)=C(C)C1=O
heme	C=Cc1c(C)c2cc3nc(cc4nc(cc5[nH]c(cc1[n-]2)c(C)c5C=C)C(C)=C4CCC(=O)O)C(CCC(=O)[O-])=C3C.[Fe+2]
FADH2	Cc1cc2c(cc1C)N(C[C@H](O)[C@H](O)[C@H](O)COP(=O)(O)OP(=O)(O)OC[C@H]1O[C@@H](n3cnc4c(N)ncnc43)[C@H](O)[C@@H]1O)c1nc(O)nc(O)c1N2
FADH2	Cc1cc2c(cc1C)N(CC(O)C(O)C(O)COP(=O)(O)OP(=O)(O)OCC1OC(n3cnc4c(N)ncnc43)C(O)C1O)c1nc(O)nc(O)c1N2
FADH2	Cc1cc2c(cc1C)N(C[C@H](O)[C@H](O)[C@H](O)COP(=O)(O)OP(=O)(O)OC[C@H]1O[C@@H](n3cnc4c(N)ncnc43)[C@H](O)[C@@H]1O)c1nc(O)nc(O)c1N2
FADH2	Cc1cc2c(cc1C)N(CC(O)C(O)C(O)COP(=O)(O)OP(=O)(O)OCC1OC(n3cnc4c(N)ncnc43)C(O)C1O)c1nc(O)nc(O)c1N2
FADH2	Cc1cc2c(cc1C)N(C[C@H](O)[C@H](O)[C@H](O)COP(=O)(O)OP(=O)(O)OC[C@H]1O[C@@H](n3cnc4c(N)ncnc43)[C@H](O)[C@@H]1O)C1N=C(O)N=C(O)C1=N2
FAD	Cc1cc2nc3c(O)nc(=O)nc-3n(C[C@H](O)[C@H](O)[C@H](O)COP(=O)(O)OP(=O)(O)OC[C@H]3O[C@@H]([n+]4c[nH]c5c(N)ncnc54)[C@H](O)[C@@H]3O)c2cc1C
FAD	Cc1cc2nc3c(O)nc(=O)nc-3n(C[C@H](O)[C@H](O)[C@H](O)COP(=O)(O)OP(=O)(O)OC[C@H]3O[C@@H](n4cnc5c(N)ncnc54)[C@H](O)[C@@H]3O)c2cc1C
FAD	Cc1cc2nc3c(O)nc(=O)nc-3n(CC(O)C(O)C(O)COP(=O)(O)OP(=O)(O)OCC3OC(n4cnc5c(N)ncnc54)C(O)C3O)c2cc1C
FAD	Cc1cc2nc3c(O)nc(=O)nc-3n(C[C@H](O)[C@H](O)[C@H](O)COP(=O)(O)OP(=O)(O)OC[C@H]3O[C@@H](n4cnc5c(N)ncnc54)[C@H](O)[C@@H]3O)c2cc1C
FAD	Cc1cc2nc3c(O)nc(=O)nc-3n(CC(O)C(O)C(O)COP(=O)(O)OP(=O)(O)OCC3OC(n4cnc5c(N)ncnc54)C(O)C3O)c2cc1C
propionyl-CoA	CCC(=O)SCCN=C(O)CCN=C(O)C(O)C(C)(C)COP(=O)(O)OP(=O)(O)OCC1OC(n2cnc3c(N)ncnc32)C(O)C1OP(=O)(O)O
propionyl-CoA	CCC(=O)SCCN=C(O)CCN=C(O)[C@H](O)C(C)(C)COP(=O)(O)OP(=O)(O)OC[C@H]1O[C@@H](n2cnc3c(N)ncnc32)[C@H](O)[C@@H]1OP(=O)(O)O
propionyl-CoA	CCC(=O)SCCN=C(O)CCN=C(O)C(O)C(C)(C)COP(=O)(O)OP(=O)(O)OCC1OC(n2cnc3c(N)ncnc32)C(O)C1OP(=O)(O)O
propionyl-CoA	CCC(=O)SCCN=C(O)CCN=C(O)[C@H](O)C(C)(C)COP(=O)(O)OP(=O)(O)OC[C@H]1O[C@@H](n2cnc3c(N)ncnc32)[C@H](O)[C@@H]1OP(=O)(O)O
benzyl viologen	C1=CN(Cc2ccccc2)C=CC1C1C=CN(Cc2ccccc2)C=C1
acetyl-CoA	CC(=O)SCCN=C(O)CCN=C(O)[C@H](O)C(C)(C)COP(=O)(O)OP(=O)(O)OC[C@H]1O[C@@H](n2cnc3c(N)ncnc32)[C@H](O)[C@@H]1OP(=O)(O)O
acetyl-CoA	CC(=O)SCCN=C(O)CCN=C(O)C(O)C(C)(C)COP(=O)(O)OP(=O)(O)OCC1OC(n2cnc3c(N)ncnc32)C(O)C1OP(=O)(O)O
acetyl-CoA	CC(=O)SCCN=C(O)CCN=C(O)[C@H](O)C(C)(C)COP(=O)(O)OP(=O)(O)OC[C@H]1O[C@@H](n2cnc3c(N)ncnc32)[C@H](O)[C@@H]1OP(=O)(O)O
acetyl-CoA	CC(=O)SCCN=C(O)CCN=C(O)C(O)C(C)(C)COP(=O)(O)OP(=O)(O)OCC1OC(n2cnc3c(N)ncnc32)C(O)C1OP(=O)(O)O
CoA	CC(C)(COP(=O)(O)OP(=O)(O)OC[C@H]1O[C@@H](n2cnc3c(N)ncnc32)[C@H](O)[C@@H]1OP(=O)(O)O)[C@@H](O)C(O)=NCCC(O)=NCCS
CoA	CC(C)(COP(=O)(O)OP(=O)(O)OCC1OC(n2cnc3c(N)ncnc32)C(O)C1OP(=O)(O)O)C(O)C(O)=NCCC(O)=NCCS
coenzyme A	CC(C)(COP(=O)(O)OP(=O)(O)OC[C@H]1O[C@@H](n2cnc3c(N)ncnc32)[C@H](O)[C@@H]1OP(=O)(O)O)[C@@H](O)C(O)=NCCC(O)=NCCS
CoA	CC(C)(COP(=O)(O)OP(=O)(O)OCC1OC(n2cnc3c(N)ncnc32)C(O)C1OP(=O)(O)O)C(O)C(O)=NCCC(O)=NCCS
NADPH	N=C(O)C1=CN([C@@H]2O[C@H](COP(=O)(O)OP(=O)(O)OC[C@H]3O[C@@H](n4cnc5c(N)ncnc54)[C@H](OP(=O)(O)O)[C@@H]3O)[C@@H](O)[C@H]2O)C=CC1
NADPH	N=C(O)C1=CN(C2OC(COP(=O)(O)OP(=O)(O)OCC3OC(n4cnc5c(N)ncnc54)C(OP(=O)(O)O)C3O)C(O)C2O)C=CC1
NADPH	N=C(O)C1=CN([C@@H]2O[C@H](COP(=O)(O)OP(=O)(O)OC[C@H]3O[C@@H](n4cnc5c(N)ncnc54)[C@H](OP(=O)(O)O)[C@@H]3O)[C@@H](O)[C@H]2O)C=CC1
NADPH	N=C(O)C1=CN(C2OC(COP(=O)(O)OP(=O)(O)OCC3OC(n4cnc5c(N)ncnc54)C(OP(=O)(O)O)C3O)C(O)C2O)C=CC1
NADH	N=C(O)C1=CN([C@@H]2O[C@H](COP(=O)(O)OP(=O)(O)OC[C@H]3O[C@@H](n4cnc5c(N)ncnc54)[C@H](O)[C@@H]3O)[C@@H](O)[C@H]2O)C=CC1
NADH	N=C(O)C1=CN(C2OC(COP(=O)(O)OP(=O)(O)OCC3OC(n4cnc5c(N)ncnc54)C(O)C3O)C(O)C2O)C=CC1
NADP+	N=C(O)c1ccc[n+]([C@@H]2O[C@H](COP(=O)(O)OP(=O)([O-])OC[C@H]3O[C@@H](n4cnc5c(N)ncnc54)[C@H](OP(=O)(O)O)[C@@H]3O)[C@@H](O)[C@H]2O)c1
NADP+	N=C(O)c1ccc[n+]([C@@H]2O[C@H](COP(=O)(O)OP(=O)(O)OC[C@H]3O[C@@H](n4cnc5c(N)ncnc54)[C@H](OP(=O)(O)O)[C@@H]3O)[C@@H](O)[C@H]2O)c1
NADP+	N=C(O)c1ccc[n+](C2OC(COP(=O)(O)OP(=O)(O)OCC3OC(n4cnc5c(N)ncnc54)C(OP(=O)(O)O)C3O)C(O)C2O)c1
NADP+	N=C(O)c1ccc[n+]([C@@H]2O[C@H](COP(=O)(O)OP(=O)([O-])OC[C@H]3O[C@@H](n4cnc5c(N)ncnc54)[C@H](OP(=O)(O)O)[C@@H]3O)[C@@H](O)[C@H]2O)c1
NADP+	N=C(O)c1ccc[n+]([C@@H]2O[C@H](COP(=O)(O)OP(=O)(O)OC[C@H]3O[C@@H](n4cnc5c(N)ncnc54)[C@H](OP(=O)(O)O)[C@@H]3O)[C@@H](O)[C@H]2O)c1
NADP+	N=C(O)c1ccc[n+](C2OC(COP(=O)(O)OP(=O)(O)OCC3OC(n4cnc5c(N)ncnc54)C(OP(=O)(O)O)C3O)C(O)C2O)c1
NAD+	N=C(O)c1ccc[n+]([C@@H]2O[C@H](COP(=O)(O)OP(=O)(O)OC[C@H]3O[C@@H](n4cnc5c(N)ncnc54)[C@H](O)[C@@H]3O)[C@@H](O)[C@H]2O)c1
NAD+	N=C(O)c1ccc[n+](C2OC(COP(=O)(O)OP(=O)(O)OCC3OC(n4cnc5c(N)ncnc54)C(O)C3O)C(O)C2O)c1
tetrahydrofolic acid	N=c1nc(O)c2c([nH]1)NCC(CNc1ccc(C(=O)N[C@@H](CCC(=O)O)C(=O)O)cc1)N2
dTDP-desosamine	Cc1cn([C@H]2C[C@H](O)[C@@H](COP(=O)(O)OP(=O)(O)O[C@H]3O[C@H](C)C[C@H](N(C)C)[C@H]3O)O2)c(=O)nc1O
TDP-Fuc4NAc	CC(O)=N[C@@H]1[C@H](O)[C@@H](O)[C@@H](OP(=O)(O)OP(=O)(O)OCC2OC(n3cc(C)c(O)nc3=O)CC2O)O[C@@H]1C
dTDP-mycarose	Cc1cn([C@H]2C[C@H](O)[C@@H](COP(=O)(O)OP(=O)(O)O[C@@H]3C[C@@](C)(O)[C@@H](O)[C@H](C)O3)O2)c(=O)nc1O
ADP-glycero-manno-heptose	Nc1ncnc2c1ncn2[C@@H]1O[C@H](COP(=O)(O)OP(=O)(O)O[C@@H]2O[C@H]([C@@H](O)CO)[C@@H](O)[C@H](O)[C@@H]2O)[C@@H](O)[C@H]1O
ADP-glycero-manno-heptose	Nc1ncnc2c1ncn2[C@@H]1O[C@H](COP(=O)(O)OP(=O)(O)O[C@H]2OC([C@@H](O)CO)[C@@H](O)[C@H](O)[C@@H]2O)[C@@H](O)[C@H]1O
UDP-GalNAc	CC(O)=N[C@H]1C(OP(=O)(O)OP(=O)(O)OC[C@H]2O[C@@H](n3ccc(O)nc3=O)[C@H](O)[C@@H]2O)O[C@H](CO)[C@H](O)[C@@H]1O
UDP-GalNAc	CC(O)=N[C@H]1[C@@H](OP(=O)(O)OP(=O)(O)OC[C@H]2O[C@@H](n3ccc(O)nc3=O)[C@H](O)[C@@H]2O)O[C@H](CO)[C@H](O)[C@@H]1O
UDP-GlcNAc	CC(O)=N[C@H]1[C@H](OP(=O)(O)OP(=O)(O)OC[C@H]2O[C@@H](n3ccc(O)nc3=O)[C@H](O)[C@@H]2O)O[C@H](CO)[C@@H](O)[C@@H]1O
UDP-GlcNAc	CC(O)=N[C@H]1[C@@H](OP(=O)(O)OP(=O)(O)OC[C@H]2O[C@@H](n3ccc(O)nc3=O)[C@H](O)[C@@H]2O)O[C@H](CO)[C@@H](O)[C@@H]1O
UDP-GlcNAc	CC(O)=NC1C(OP(=O)(O)OP(=O)(O)OCC2OC(n3ccc(O)nc3=O)C(O)C2O)OC(CO)C(O)C1O
UDP-N-acetyl-D-mannosaminouronate	CC(O)=N[C@@H]1[C@@H](OP(=O)(O)OP(=O)(O)OC[C@H]2O[C@@H](n3ccc(O)nc3=O)[C@H](O)[C@@H]2O)O[C@H](C(=O)O)[C@@H](O)[C@@H]1O
GDP-sugar	C[C@H]1O[C@H](OP(=O)(O)OP(=O)(O)OC[C@H]2O[C@@H](n3cnc4c(O)nc(=N)[nH]c43)[C@H](O)[C@@H]2O)[C@@H](O)[C@@H](N)[C@@H]1O
dTDP-glucose	Cc1cn([C@H]2C[C@H](O)[C@@H](COP(=O)(O)OP(=O)(O)O[C@H]3O[C@H](CO)[C@@H](O)[C@H](O)[C@H]3O)O2)c(=O)nc1O
dTDP-sugar	Cc1cn([C@H]2C[C@H](O)[C@@H](COP(=O)(O)OP(=O)(O)O[C@H]3O[C@@H](C)[C@](O)(CO)[C@H]3O)O2)c(=O)nc1O
GDP-sugar	N=c1nc(O)c2ncn([C@@H]3O[C@H](COP(=O)(O)OP(=O)(O)O[C@@H]4O[C@H](CO)[C@@H](O)[C@H](O)[C@@H]4O)[C@@H](O)[C@H]3O)c2[nH]1
GDP-mannose	N=c1nc(O)c2ncn([C@@H]3O[C@H](COP(=O)(O)OP(=O)(O)OC4O[C@H](CO)[C@@H](O)[C@H](O)[C@@H]4O)[C@@H](O)[C@H]3O)c2[nH]1
GDP-mannose	N=c1nc(O)c2ncn([C@@H]3O[C@H](COP(=O)(O)OP(=O)(O)O[C@H]4O[C@H](CO)[C@@H](O)[C@H](O)[C@@H]4O)[C@@H](O)[C@H]3O)c2[nH]1
GDP-glucose	N=c1nc(O)c2ncn([C@@H]3O[C@H](COP(=O)(O)OP(=O)(O)O[C@@H]4O[C@H](CO)[C@@H](O)[C@H](O)[C@H]4O)[C@@H](O)[C@H]3O)c2[nH]1
GDP-glucose	N=c1nc(O)c2ncn([C@@H]3O[C@H](COP(=O)(O)OP(=O)(O)O[C@H]4O[C@H](CO)[C@@H](O)[C@H](O)[C@H]4O)[C@@H](O)[C@H]3O)c2[nH]1
ADP-glucose	Nc1ncnc2c1ncn2[C@@H]1O[C@H](COP(=O)(O)OP(=O)(O)O[C@H]2O[C@H](CO)[C@@H](O)[C@H](O)[C@H]2O)[C@@H](O)[C@H]1O
ADP-glucose	Nc1ncnc2ncn([C@@H]3O[C@H](COP(=O)(O)OP(=O)(O)O[C@H]4O[C@H](CO)[C@@H](O)[C@H](O)[C@H]4O)[C@@H](O)[C@H]3O)c12
GDP-fucose	C[C@@H]1O[C@H](OP(=O)(O)OP(=O)(O)OC[C@H]2O[C@@H](n3cnc4c(O)nc(=N)[nH]c43)[C@H](O)[C@@H]2O)[C@@H](O)[C@H](O)[C@@H]1O
GDP-fucose	C[C@H]1OC(OP(=O)(O)OP(=O)(O)OC[C@H]2O[C@@H](n3cnc4c(O)nc(=N)[nH]c43)[C@H](O)[C@@H]2O)[C@H](O)[C@@H](O)[C@H]1O
UDP-kanosamine	N[C@H]1[C@H](O)[C@@H](CO)OC(OP(=O)(O)OP(=O)(O)OC[C@H]2O[C@@H](n3ccc(O)nc3=O)[C@H](O)[C@@H]2O)[C@@H]1O
UDP-galactofuranose	O=c1nc(O)ccn1[C@@H]1O[C@H](COP(=O)(O)OP(=O)(O)O[C@H]2O[C@@H]([C@H](O)CO)[C@H](O)[C@H]2O)[C@@H](O)[C@H]1O
UDP-galactose	O=c1nc(O)ccn1[C@@H]1O[C@H](COP(=O)(O)OP(=O)(O)OC2O[C@H](CO)[C@H](O)[C@H](O)[C@H]2O)[C@@H](O)[C@H]1O
UDP-galactose	O=c1nc(O)ccn1[C@@H]1O[C@H](COP(=O)(O)OP(=O)(O)O[C@H]2O[C@H](CO)[C@H](O)[C@H](O)[C@H]2O)[C@@H](O)[C@H]1O
UDP-mannose	O=c1nc(O)ccn1[C@@H]1O[C@H](COP(=O)(O)OP(=O)(O)O[C@H]2O[C@H](CO)[C@@H](O)[C@H](O)[C@@H]2O)[C@@H](O)[C@H]1O
UDP-Glucose	O=c1nc(O)ccn1[C@@H]1O[C@H](COP(=O)(O)OP(=O)(O)O[C@H]2O[C@H](CO)[C@@H](O)[C@H](O)[C@H]2O)[C@@H](O)[C@H]1O
UDP-galactose	O=c1nc(O)ccn1C1OC(COP(=O)(O)OP(=O)(O)OC2OC(CO)C(O)C(O)C2O)C(O)C1O
UDP-rhamnose	C[C@@H]1O[C@H](OP(=O)(O)OP(=O)(O)OC[C@H]2O[C@@H](n3ccc(O)nc3=O)[C@H](O)[C@@H]2O)[C@H](O)[C@H](O)[C@H]1O
UDP-rhamnose	C[C@@H]1O[C@H](OP(=O)(O)OP(=O)(O)OCC2OC(n3ccc(O)nc3=O)[C@H](O)[C@@H]2O)[C@H](O)[C@H](O)[C@H]1O
UDP-rhamnose	C[C@@H]1OC(OP(=O)(O)OP(=O)(O)OCC2OC(n3ccc(O)nc3=O)[C@H](O)[C@@H]2O)[C@H](O)[C@H](O)[C@H]1O
UDP-rhamnose	C[C@H]1O[C@H](OP(=O)(O)OP(=O)(O)OC[C@H]2O[C@@H](n3ccc(O)nc3=O)[C@H](O)[C@@H]2O)[C@H](O)C(O)[C@H]1O
UDP-Ara4FN	O=c1nc(O)ccn1C1O[C@H](COP(=O)(O)OP(=O)(O)O[C@H]2OC[C@H](N=CO)[C@H](O)[C@H]2O)[C@@H](O)[C@H]1O
SAM	C[S+](CC[C@H](N)C(=O)[O-])C[C@H]1O[C@@H](n2cnc3c(N)ncnc32)[C@H](O)[C@@H]1O
SAM	C[S+](CCC(N)C(=O)O)CC1O[C@@H](n2cnc3c(N)ncnc32)[C@@H](O)[C@H]1O
SAM	C[S+](CCC(N)C(=O)O)C[C@H]1O[C@@H](n2cnc3c(N)ncnc32)[C@H](O)[C@@H]1O
SAM	C[S+](CC[C@H](N)C(=O)O)C[C@H]1O[C@@H](n2cnc3c(N)ncnc32)[C@H](O)[C@@H]1O
SAM	C[S+](CC[C@H](N)C(=O)O)C[C@H]1O[C@@H](n2cnc3c(N)ncnc32)[C@@H](O)[C@H]1O
UDP-glucuronate	O=C(O)[C@H]1O[C@H](OP(=O)(O)OP(=O)(O)OC[C@H]2O[C@@H](n3ccc(O)nc3=O)[C@H](O)[C@@H]2O)[C@H](O)[C@@H](O)[C@@H]1O
SAM	C[S+](CCC([N-])C(=O)O)CC1OC([N+]2=CN=C3C(=N)N=CN=C32)C(O)C1O
PQQ	O=C(O)c1cc(C(=O)O)c2c(n1)C(=O)C(=O)c1cc(C(=O)O)[nH]c1-2
UDP-xylose	O=c1nc(O)ccn1[C@@H]1O[C@H](COP(=O)(O)OP(=O)(O)O[C@H]2OC[C@@H](O)[C@H](O)[C@H]2O)[C@@H](O)[C@H]1O
ubiquinol-1	COc1c(O)c(C)c(CC=C(C)C)c(O)c1OC
S-adenosyl-homocysteine	Nc1ncnc2c1ncn2[C@@H]1O[C@H](CSCCC(N)C(=O)O)[C@@H](O)[C@H]1O
S-adenosyl-L-homocysteine	Nc1ncnc2c1ncn2[C@@H]1O[C@H](CSCC[C@H](N)C(=O)O)[C@@H](O)[C@H]1O
S-adenosyl-homocysteine	Nc1ncnc2c1ncn2[C@@H]1O[C@H](CSCC[C@H](N)C(=O)O)[C@H](O)[C@@H]1O
ubiquinone-5	COC1=C(OC)C(=O)C(CC=C(C)C)=C(C)C1=O
S-adenosyl-homocysteine	[N-]C(CCSCC1OC([N+]2=CN=C3C(=N)N=CN=C32)C(O)C1O)C(=O)O
"5-Methyl-5,10-dihydrophenazine"	CN1c2ccccc2Nc2ccccc21
thiamine pyrophosphate	Cc1ncc(C[n+]2csc(CCOP(=O)(O)OP(=O)(O)O)c2C)c(=N)[nH]1
dTTP	Cc1cn([C@H]2C[C@H](O)[C@@H](COP(=O)(O)OP(=O)(O)OP(=O)(O)O)O2)c(=O)nc1O
dTTP	Cc1cn(c(=O)nc1O)[C@H]2C[C@@H]([C@H](O2)COP(=O)(O)OP(=O)(O)OP(=O)(O)O)O
dTTP	[At:40]-[#6:7](-[At:41])(-[At:42])-[#6:8]1:[#6:9](-[At:43]):[#7:10](-[#6@@:11]2(-[At:44])-[#6:12](-[At:45])(-[At:46])-[#6@:13](-[At:47])(-[#8:14]-[At:48])-[#6@@:15](-[At:49])(-[#6:16](-[At:50])(-[At:51])-[#8:17]-[#15:18](=[#8:19])(-[#8:20]-[At:52])-[#8:21]-[#15:22](=[#8:23])(-[#8:24]-[At:53])-[#8:25]-[#15:26](=[#8:27])(-[#8:28]-[At:54])-[#8:29]-[At:55])-[#8:30]-2):[#6:31](=[#8:32]):[#7:33](-[At:56]):[#6:34]:1=[#8:35]
GTP	N=c1nc(O)c2ncn([C@@H]3O[C@H](COP(=O)(O)OP(=O)(O)OP(=O)(O)O)[C@@H](O)[C@H]3O)c2[nH]1
ATP	Nc1ncnc2c1ncn2[C@@H]1O[C@H](COP(=O)(O)OP(=O)(O)OP(=O)(O)O)[C@@H](O)[C@H]1O
ATP	Nc1ncnc2c1ncn2C1OC(COP(=O)(O)OP(=O)(O)OP(=O)(O)O)C(O)C1O
dATP	Nc1ncnc2c1ncn2[C@H]1C[C@H](O)[C@@H](COP(=O)(O)OP(=O)(O)OP(=O)(O)O)O1
biotin	O=C(O)CCCC[C@@H]1SC[C@@H]2N=C(O)N[C@@H]21
dTDP	Cc1cn([C@H]2C[C@H](O)[C@@H](COP(=O)(O)OP(=O)(O)O)O2)c(=O)nc1O
dTDP	[At:40]-[#6:7](-[At:41])(-[At:42])-[#6:8]1:[#6:9](-[At:43]):[#7:10](-[#6@@:11]2(-[At:44])-[#6:12](-[At:45])(-[At:46])-[#6@:13](-[At:47])(-[#8:14]-[At:48])-[#6@@:15](-[At:49])(-[#6:16](-[At:50])(-[At:51])-[#8:17]-[#15:18](=[#8:19])(-[#8:20]-[At:52])-[#8:21]-[#15:22](=[#8:23])(-[#8:24]-[At:53])-[#8:25]-[At])-[#8:30]-2):[#6:31](=[#8:32]):[#7:33](-[At:56]):[#6:34]:1=[#8:35]
dADP	Nc1ncnc2c1ncn2[C@H]1C[C@H](O)[C@@H](COP(=O)(O)OP(=O)(O)O)O1
PAPS	Nc1ncnc2c1ncn2[C@@H]1O[C@H](COP(=O)(O)OS(=O)(=O)O)[C@@H](OP(=O)(O)O)[C@H]1O
GDP	N=c1nc(O)c2ncn([C@@H]3O[C@H](COP(=O)(O)OP(=O)(O)O)[C@@H](O)[C@H]3O)c2[nH]1
ADP	Nc1ncnc2c1ncn2[C@@H]1O[C@H](COP(=O)(O)OP(=O)(O)O)[C@@H](O)[C@H]1O
"3',5'-ADP"	Nc1ncnc2c1ncn2[C@@H]1O[C@H](COP(=O)(O)O)[C@@H](OP(=O)(O)O)[C@H]1O
AMP	Nc1ncnc2c1ncn2[C@@H]1O[C@H](COP(=O)(O)O)[C@@H](O)[C@H]1O
AMP	Nc1ncnc2c1ncn2C1OC(COP(=O)(O)O)C(O)C1O
adenylyl sulfate	Nc1ncnc2c1ncn2[C@@H]1O[C@H](COP(=O)(O)OS(=O)(=O)O)[C@@H](O)[C@H]1O
bromide	[Br-]
erythorbate	O=C1OC(C(O)CO)C(O)=C1O
NADH	CC(=O)C1=CN(C2OC(COP(=O)(O)OP(=O)(O)OCC3OC(n4cnc5c(O)ncnc54)C(O)C3O)C(O)C2O)C=CC1
NADPH	N=C(S)C1=CN(C2OC(COP(=O)(O)OP(=O)(O)OCC3OC(n4cnc5c(N)ncnc54)C(OP(=O)(O)O)C3O)C(O)C2O)C=CC1
NADH	N=C(S)C1=CN(C2OC(COP(=O)(O)OP(=O)(O)OCC3OC(n4cnc5c(N)ncnc54)C(O)C3O)C(O)C2O)C=CC1
3-NADP+	N=C(O)c1ccc[n+](C2OC(COP(=O)(O)OP(=O)(O)OCC3OC(n4cnc5c(N)ncnc54)C(O)C3OP(=O)(O)O)C(O)C2O)c1
NADP+	N=C(S)c1ccc[n+](C2OC(COP(=O)(O)OP(=O)(O)OCC3OC(n4cnc5c(N)ncnc54)C(OP(=O)(O)O)C3O)C(O)C2O)c1
NADH	N=C(O)C1=CN(C2OC(COP(=O)(O)OP(=O)(O)OCC3OC(n4cnc5c(O)ncnc54)C(O)C3O)C(O)C2O)C=CC1
FMNH2	Cc1cc2c(cc1C)N(CC(O)C(O)C(O)COP(=O)(O)O)C1N=C(O)N=C(O)C1=N2
dTDP-_-L-daunosamine	Cc1cn(C2CC(O)C(COP(=O)(O)OP(=O)(O)OC3CC(N)C(O)C(C)O3)O2)c(=O)nc1O
dTDP-rhamnose	Cc1cn(C2CC(O)C(COP(=O)(O)OP(=O)(O)OC3OC(C)C(O)C(O)C3O)O2)c(=O)nc1O
S-adenosyl-homocysteine	Nc1ncnc2c1ncn2C1OC(CSCCC(N)C(=O)O)C(O)C1O
8-hydroxy-GTP	N=c1nc(O)c2nc(O)n(C3OC(COP(=O)(O)OP(=O)(O)OP(=O)(O)O)C(O)C3O)c2[nH]1
PAPS	Nc1ncnc2c1ncn2C1OC(COP(=O)(O)OS(=O)(=O)O)C(OP(=O)(O)O)C1O
adenosine-3'-5'-diphosphate	Nc1ncnc2c1ncn2C1OC(COP(=O)(O)O)C(OP(=O)(O)O)C1O
XTP	O=P(O)(O)OP(=O)(O)OP(=O)(O)OCC1OC(n2cnc3c(O)nc(O)nc32)C(O)C1O